,id,respondentID,section,questionID,note,duration,variant,type,form
0,395,34,follow_up,11004,,1.7050440166666665,bfi2s_avatar,avatar,bfi
1,404,34,pre_survey_discussion,0,,1.6995363333333333,bfi2s_avatar,avatar,bfi
2,396,34,follow_up,11007,,1.0382645166666666,bfi2s_avatar,avatar,bfi
3,394,34,follow_up,11000,,1.6647350833333334,bfi2s_avatar,avatar,bfi
4,399,34,follow_up,11014,,1.29432285,bfi2s_avatar,avatar,bfi
5,397,34,follow_up,11008,,1.5411226833333334,bfi2s_avatar,avatar,bfi
6,398,34,follow_up,11011,,1.5420660833333335,bfi2s_avatar,avatar,bfi
7,400,34,follow_up,11017,,1.4521133666666666,bfi2s_avatar,avatar,bfi
8,402,34,follow_up,11022,,1.3520556833333333,bfi2s_avatar,avatar,bfi
9,401,34,follow_up,11018,,1.1683682166666667,bfi2s_avatar,avatar,bfi
10,405,34,post_survey_discussion,0,,0.11974508333333334,bfi2s_avatar,avatar,bfi
11,403,34,follow_up,11030,,1.4736587833333334,bfi2s_avatar,avatar,bfi
12,85,8,follow_up,10000,,1.5223438833333334,bfi2s_classic,classic,bfi
13,86,8,follow_up,10004,,2.6103335166666666,bfi2s_classic,classic,bfi
14,94,8,follow_up,10030,,2.9497711166666667,bfi2s_classic,classic,bfi
15,87,8,follow_up,10007,,2.64833515,bfi2s_classic,classic,bfi
16,88,8,follow_up,10008,,1.0860183333333333,bfi2s_classic,classic,bfi
17,89,8,follow_up,10011,,2.0298835,bfi2s_classic,classic,bfi
18,90,8,follow_up,10014,,1.8398223833333334,bfi2s_classic,classic,bfi
19,91,8,follow_up,10017,,2.1623047666666664,bfi2s_classic,classic,bfi
20,92,8,follow_up,10018,,1.6857817833333333,bfi2s_classic,classic,bfi
21,93,8,follow_up,10022,,2.5195279833333335,bfi2s_classic,classic,bfi
22,95,8,pre_survey_discussion,0,,0.7692423,bfi2s_classic,classic,bfi
23,96,8,post_survey_discussion,0,,0.3173469333333333,bfi2s_classic,classic,bfi
24,388,33,follow_up,10017,,1.2681643833333331,bfi2s_classic,classic,bfi
25,382,33,follow_up,10000,,1.3492680833333333,bfi2s_classic,classic,bfi
26,383,33,follow_up,10004,,1.2352604999999999,bfi2s_classic,classic,bfi
27,384,33,follow_up,10007,,1.4040381,bfi2s_classic,classic,bfi
28,385,33,follow_up,10008,,0.89769745,bfi2s_classic,classic,bfi
29,390,33,follow_up,10022,,1.8588208333333334,bfi2s_classic,classic,bfi
30,386,33,follow_up,10011,,5.779240683333333,bfi2s_classic,classic,bfi
31,387,33,follow_up,10014,,1.07175735,bfi2s_classic,classic,bfi
32,389,33,follow_up,10018,,2.0823492666666668,bfi2s_classic,classic,bfi
33,391,33,follow_up,10030,,1.5182967,bfi2s_classic,classic,bfi
34,392,33,pre_survey_discussion,0,,1.0743526166666666,bfi2s_classic,classic,bfi
35,393,33,post_survey_discussion,0,,,bfi2s_classic,classic,bfi
36,131,11,pre_survey_discussion,0,,1.76755905,bfi2s_avatar,avatar,bfi
37,132,11,post_survey_discussion,0,,,bfi2s_avatar,avatar,bfi
38,121,11,follow_up,11000,,1.4084882333333333,bfi2s_avatar,avatar,bfi
39,122,11,follow_up,11004,,1.0674961166666668,bfi2s_avatar,avatar,bfi
40,123,11,follow_up,11007,,1.0816355833333333,bfi2s_avatar,avatar,bfi
41,124,11,follow_up,11008,,1.25936785,bfi2s_avatar,avatar,bfi
42,126,11,follow_up,11014,,1.2616587333333333,bfi2s_avatar,avatar,bfi
43,129,11,follow_up,11022,,0.99183925,bfi2s_avatar,avatar,bfi
44,125,11,follow_up,11011,,1.2116140666666666,bfi2s_avatar,avatar,bfi
45,127,11,follow_up,11017,,1.2944868166666665,bfi2s_avatar,avatar,bfi
46,128,11,follow_up,11018,,1.0190618,bfi2s_avatar,avatar,bfi
47,130,11,follow_up,11030,,1.46357925,bfi2s_avatar,avatar,bfi
48,102,9,follow_up,10014,,3.6415677000000004,bfi2s_classic,classic,bfi
49,97,9,follow_up,10000,,1.8106486333333334,bfi2s_classic,classic,bfi
50,98,9,follow_up,10004,,1.0169205000000001,bfi2s_classic,classic,bfi
51,99,9,follow_up,10007,,2.0455061833333334,bfi2s_classic,classic,bfi
52,100,9,follow_up,10008,,2.3163218333333333,bfi2s_classic,classic,bfi
53,101,9,follow_up,10011,,1.9133209833333333,bfi2s_classic,classic,bfi
54,103,9,follow_up,10017,,1.9499302,bfi2s_classic,classic,bfi
55,104,9,follow_up,10018,,1.4664149,bfi2s_classic,classic,bfi
56,105,9,follow_up,10022,,0.8911721833333334,bfi2s_classic,classic,bfi
57,106,9,follow_up,10030,,0.68614815,bfi2s_classic,classic,bfi
58,107,9,pre_survey_discussion,0,,0.40814988333333335,bfi2s_classic,classic,bfi
59,108,9,post_survey_discussion,0,,1.6744822166666669,bfi2s_classic,classic,bfi
60,755,65,follow_up,10007,,1.9434958166666665,bfi2s_classic,classic,bfi
61,753,65,follow_up,10000,,0.7306001999999999,bfi2s_classic,classic,bfi
62,754,65,follow_up,10004,,0.4942274166666667,bfi2s_classic,classic,bfi
63,756,65,follow_up,10008,,1.0433511500000001,bfi2s_classic,classic,bfi
64,757,65,follow_up,10011,,0.8541518166666666,bfi2s_classic,classic,bfi
65,758,65,follow_up,10014,,0.6224073833333333,bfi2s_classic,classic,bfi
66,759,65,follow_up,10017,,1.7546630666666667,bfi2s_classic,classic,bfi
67,760,65,follow_up,10018,,0.99226635,bfi2s_classic,classic,bfi
68,761,65,follow_up,10022,,1.4834316,bfi2s_classic,classic,bfi
69,762,65,follow_up,10030,,0.7965477166666666,bfi2s_classic,classic,bfi
70,763,65,pre_survey_discussion,0,,0.43014233333333335,bfi2s_classic,classic,bfi
71,764,65,post_survey_discussion,0,,3.32662535,bfi2s_classic,classic,bfi
72,406,35,follow_up,10000,,2.8436306166666667,bfi2s_classic,classic,bfi
73,407,35,follow_up,10004,,6.296611366666666,bfi2s_classic,classic,bfi
74,408,35,follow_up,10007,,3.3407270000000002,bfi2s_classic,classic,bfi
75,409,35,follow_up,10008,,2.2478675166666666,bfi2s_classic,classic,bfi
76,410,35,follow_up,10011,,1.1768834166666666,bfi2s_classic,classic,bfi
77,411,35,follow_up,10014,,2.5645109833333333,bfi2s_classic,classic,bfi
78,412,35,follow_up,10017,,1.7782657166666667,bfi2s_classic,classic,bfi
79,413,35,follow_up,10018,,1.1983004666666666,bfi2s_classic,classic,bfi
80,414,35,follow_up,10022,,2.1126335,bfi2s_classic,classic,bfi
81,415,35,follow_up,10030,,1.2350214333333334,bfi2s_classic,classic,bfi
82,416,35,pre_survey_discussion,0,,2.3137650166666663,bfi2s_classic,classic,bfi
83,417,35,post_survey_discussion,0,,4.3637133,bfi2s_classic,classic,bfi
84,811,69,pre_survey_discussion,0,,0.7915083166666667,bfi2s_avatar,avatar,bfi
85,801,69,follow_up,11000,,1.7411195833333333,bfi2s_avatar,avatar,bfi
86,802,69,follow_up,11004,,1.5337565166666667,bfi2s_avatar,avatar,bfi
87,803,69,follow_up,11007,,1.6111009333333333,bfi2s_avatar,avatar,bfi
88,804,69,follow_up,11008,,1.8773037833333333,bfi2s_avatar,avatar,bfi
89,805,69,follow_up,11011,,1.4855484666666667,bfi2s_avatar,avatar,bfi
90,806,69,follow_up,11014,,1.2501364666666668,bfi2s_avatar,avatar,bfi
91,807,69,follow_up,11017,,1.4142126666666668,bfi2s_avatar,avatar,bfi
92,808,69,follow_up,11018,,1.35658805,bfi2s_avatar,avatar,bfi
93,809,69,follow_up,11022,,1.5637972833333333,bfi2s_avatar,avatar,bfi
94,810,69,follow_up,11030,,1.7057459166666669,bfi2s_avatar,avatar,bfi
95,812,69,post_survey_discussion,0,,0.5615619,bfi2s_avatar,avatar,bfi
96,932,80,pre_survey_discussion,0,,1.8500060333333332,cfq_avatar,avatar,cfq
97,923,80,follow_up,21001,my technique is to put my phone down and take a deep breath before i focus one one thing at a time,2.4003938666666667,cfq_avatar,avatar,cfq
98,924,80,follow_up,21005,no i included everything,2.1507566000000002,cfq_avatar,avatar,cfq
99,925,80,follow_up,21006,I believe I included everything,2.1377307333333335,cfq_avatar,avatar,cfq
100,926,80,follow_up,21008,"just the end question, my strategy is to keep my emotions positive before i enter conversation with someone",2.6945946666666667,cfq_avatar,avatar,cfq
101,927,80,follow_up,21017,I think I included everything,1.9366825,cfq_avatar,avatar,cfq
102,928,80,follow_up,21019,no,1.2710111499999999,cfq_avatar,avatar,cfq
103,929,80,follow_up,21022,no,1.7237894666666667,cfq_avatar,avatar,cfq
104,930,80,follow_up,21023,no,1.1937229,cfq_avatar,avatar,cfq
105,931,80,follow_up,21025,no,1.2495783333333332,cfq_avatar,avatar,cfq
106,933,80,post_survey_discussion,0,,,cfq_avatar,avatar,cfq
107,368,31,pre_survey_discussion,0,,2.295595233333333,bfi2s_avatar,avatar,bfi
108,358,31,follow_up,11000,,1.3893229,bfi2s_avatar,avatar,bfi
109,359,31,follow_up,11004,,1.5003092333333332,bfi2s_avatar,avatar,bfi
110,360,31,follow_up,11007,,1.29328185,bfi2s_avatar,avatar,bfi
111,361,31,follow_up,11008,,1.4450683333333332,bfi2s_avatar,avatar,bfi
112,362,31,follow_up,11011,,6.320901083333334,bfi2s_avatar,avatar,bfi
113,363,31,follow_up,11014,,1.5467800166666665,bfi2s_avatar,avatar,bfi
114,364,31,follow_up,11017,,1.4209971000000001,bfi2s_avatar,avatar,bfi
115,365,31,follow_up,11018,,1.4083572500000001,bfi2s_avatar,avatar,bfi
116,369,31,post_survey_discussion,0,,0.08857556666666667,bfi2s_avatar,avatar,bfi
117,366,31,follow_up,11022,,2.0200781333333335,bfi2s_avatar,avatar,bfi
118,367,31,follow_up,11030,,1.3324926499999998,bfi2s_avatar,avatar,bfi
119,839,72,follow_up,21017,Going to every room and not finding the object would probably make me feel a little frustrated,1.8339737166666665,cfq_avatar,avatar,cfq
120,836,72,follow_up,21005,,1.7932764833333332,cfq_avatar,avatar,cfq
121,844,72,pre_survey_discussion,0,,2.759273416666667,cfq_avatar,avatar,cfq
122,840,72,follow_up,21019,Tasks that make it easier to reduce brain fatigue would include games,1.8052852,cfq_avatar,avatar,cfq
123,837,72,follow_up,21006,,1.2520810666666666,cfq_avatar,avatar,cfq
124,835,72,follow_up,21001,,1.4784113,cfq_avatar,avatar,cfq
125,841,72,follow_up,21022,,1.4922544,cfq_avatar,avatar,cfq
126,842,72,follow_up,21023,,1.5218350833333332,cfq_avatar,avatar,cfq
127,838,72,follow_up,21008,,1.53282105,cfq_avatar,avatar,cfq
128,843,72,follow_up,21025,,1.5970592666666665,cfq_avatar,avatar,cfq
129,845,72,post_survey_discussion,0,,1.0754932166666669,cfq_avatar,avatar,cfq
130,452,39,follow_up,10000,,3.27131535,bfi2s_classic,classic,bfi
131,453,39,follow_up,10004,,2.5884208,bfi2s_classic,classic,bfi
132,454,39,follow_up,10007,,2.9275745,bfi2s_classic,classic,bfi
133,455,39,follow_up,10008,,2.29318095,bfi2s_classic,classic,bfi
134,456,39,follow_up,10011,,3.919276283333333,bfi2s_classic,classic,bfi
135,457,39,follow_up,10014,,1.23326075,bfi2s_classic,classic,bfi
136,458,39,follow_up,10017,,2.5501519333333333,bfi2s_classic,classic,bfi
137,459,39,follow_up,10018,,1.0869710166666666,bfi2s_classic,classic,bfi
138,460,39,follow_up,10022,,1.8928085333333333,bfi2s_classic,classic,bfi
139,461,39,follow_up,10030,,1.8465727166666668,bfi2s_classic,classic,bfi
140,462,39,pre_survey_discussion,0,,2.2962175333333334,bfi2s_classic,classic,bfi
141,463,39,post_survey_discussion,0,,0.5024170166666667,bfi2s_classic,classic,bfi
142,524,45,follow_up,10007,,0.9490598499999999,bfi2s_classic,classic,bfi
143,527,45,follow_up,10014,,0.93944425,bfi2s_classic,classic,bfi
144,522,45,follow_up,10000,,0.7779812333333334,bfi2s_classic,classic,bfi
145,525,45,follow_up,10008,,0.6690435333333333,bfi2s_classic,classic,bfi
146,523,45,follow_up,10004,,0.6664747333333333,bfi2s_classic,classic,bfi
147,526,45,follow_up,10011,,0.57374665,bfi2s_classic,classic,bfi
148,528,45,follow_up,10017,,0.5748980666666667,bfi2s_classic,classic,bfi
149,529,45,follow_up,10018,,0.5141747166666667,bfi2s_classic,classic,bfi
150,530,45,follow_up,10022,,1.1803769166666667,bfi2s_classic,classic,bfi
151,531,45,follow_up,10030,,0.5195258166666666,bfi2s_classic,classic,bfi
152,532,45,pre_survey_discussion,0,,0.91457465,bfi2s_classic,classic,bfi
153,533,45,post_survey_discussion,0,,0.5382717166666667,bfi2s_classic,classic,bfi
154,567,49,follow_up,20001,,0.6493417,cfq_classic,classic,cfq
155,568,49,follow_up,20005,,1.4011428166666666,cfq_classic,classic,cfq
156,569,49,follow_up,20006,,0.47028590000000003,cfq_classic,classic,cfq
157,570,49,follow_up,20008,,0.8640307,cfq_classic,classic,cfq
158,571,49,follow_up,20017,,1.0231185333333335,cfq_classic,classic,cfq
159,572,49,follow_up,20019,,1.7111547166666665,cfq_classic,classic,cfq
160,573,49,follow_up,20022,,0.9986031333333333,cfq_classic,classic,cfq
161,574,49,follow_up,20023,,0.3624117833333333,cfq_classic,classic,cfq
162,575,49,follow_up,20025,,1.22333535,cfq_classic,classic,cfq
163,576,49,pre_survey_discussion,0,,0.2899178333333333,cfq_classic,classic,cfq
164,577,49,post_survey_discussion,0,,1.6311047,cfq_classic,classic,cfq
165,825,71,follow_up,21005,No not at all,1.5115211166666667,cfq_avatar,avatar,cfq
166,830,71,follow_up,21022,,1.3252087333333333,cfq_avatar,avatar,cfq
167,826,71,follow_up,21006,,1.4416651833333334,cfq_avatar,avatar,cfq
168,833,71,pre_survey_discussion,0,,2.0597012166666664,cfq_avatar,avatar,cfq
169,824,71,follow_up,21001,,1.4714710999999998,cfq_avatar,avatar,cfq
170,827,71,follow_up,21008,,1.3269430833333333,cfq_avatar,avatar,cfq
171,828,71,follow_up,21017,,1.6396209666666666,cfq_avatar,avatar,cfq
172,831,71,follow_up,21023,,2.0079733833333333,cfq_avatar,avatar,cfq
173,829,71,follow_up,21019,,1.6078099833333332,cfq_avatar,avatar,cfq
174,832,71,follow_up,21025,,1.6588124333333334,cfq_avatar,avatar,cfq
175,834,71,post_survey_discussion,0,,,cfq_avatar,avatar,cfq
176,624,54,follow_up,20005,,1.3641897,cfq_classic,classic,cfq
177,623,54,follow_up,20001,,1.5112858333333332,cfq_classic,classic,cfq
178,625,54,follow_up,20006,,1.02217365,cfq_classic,classic,cfq
179,626,54,follow_up,20008,,0.86165375,cfq_classic,classic,cfq
180,627,54,follow_up,20017,,1.3526553,cfq_classic,classic,cfq
181,628,54,follow_up,20019,,2.83540315,cfq_classic,classic,cfq
182,629,54,follow_up,20022,,1.4299778166666668,cfq_classic,classic,cfq
183,630,54,follow_up,20023,,1.6220300666666667,cfq_classic,classic,cfq
184,631,54,follow_up,20025,,1.0193669666666667,cfq_classic,classic,cfq
185,632,54,pre_survey_discussion,0,,1.38201025,cfq_classic,classic,cfq
186,633,54,post_survey_discussion,0,,1.1119086166666667,cfq_classic,classic,cfq
187,487,42,follow_up,20001,,1.6060582333333333,cfq_classic,classic,cfq
188,488,42,follow_up,20005,,1.4861197333333334,cfq_classic,classic,cfq
189,489,42,follow_up,20006,,3.153681216666667,cfq_classic,classic,cfq
190,490,42,follow_up,20008,,1.8920293000000001,cfq_classic,classic,cfq
191,491,42,follow_up,20017,,2.0004210833333333,cfq_classic,classic,cfq
192,492,42,follow_up,20019,,1.1133060833333335,cfq_classic,classic,cfq
193,493,42,follow_up,20022,,1.5011292999999999,cfq_classic,classic,cfq
194,494,42,follow_up,20023,,1.3130011333333333,cfq_classic,classic,cfq
195,495,42,follow_up,20025,,0.9140326666666667,cfq_classic,classic,cfq
196,496,42,pre_survey_discussion,0,,0.8645669333333333,cfq_classic,classic,cfq
197,497,42,post_survey_discussion,0,,1.0345270833333333,cfq_classic,classic,cfq
198,877,75,pre_survey_discussion,0,,8.622337733333334,cfq_avatar,avatar,cfq
199,868,75,follow_up,21001,,1.7064066,cfq_avatar,avatar,cfq
200,869,75,follow_up,21005,,1.1686337333333334,cfq_avatar,avatar,cfq
201,870,75,follow_up,21006,,1.1562536833333332,cfq_avatar,avatar,cfq
202,871,75,follow_up,21008,I can think about the words I use more easily,1.9702128333333335,cfq_avatar,avatar,cfq
203,872,75,follow_up,21017,,1.1430029333333331,cfq_avatar,avatar,cfq
204,873,75,follow_up,21019,,1.27708415,cfq_avatar,avatar,cfq
205,874,75,follow_up,21022,,1.2975951166666666,cfq_avatar,avatar,cfq
206,875,75,follow_up,21023,,0.98733625,cfq_avatar,avatar,cfq
207,876,75,follow_up,21025,,1.1386145333333333,cfq_avatar,avatar,cfq
208,878,75,post_survey_discussion,0,,0.049985183333333336,cfq_avatar,avatar,cfq
209,612,53,follow_up,20001,,0.7019640333333333,cfq_classic,classic,cfq
210,613,53,follow_up,20005,,0.6189668166666666,cfq_classic,classic,cfq
211,614,53,follow_up,20006,,0.5328626333333334,cfq_classic,classic,cfq
212,615,53,follow_up,20008,,0.81327115,cfq_classic,classic,cfq
213,616,53,follow_up,20017,,0.9125047666666667,cfq_classic,classic,cfq
214,617,53,follow_up,20019,,0.6015981499999999,cfq_classic,classic,cfq
215,618,53,follow_up,20022,,0.6661715,cfq_classic,classic,cfq
216,619,53,follow_up,20023,,0.47790175,cfq_classic,classic,cfq
217,620,53,follow_up,20025,,0.48039985,cfq_classic,classic,cfq
218,621,53,pre_survey_discussion,0,,0.5793481166666666,cfq_classic,classic,cfq
219,622,53,post_survey_discussion,0,,0.056305999999999995,cfq_classic,classic,cfq
220,590,51,follow_up,20005,,1.9709021666666666,cfq_classic,classic,cfq
221,589,51,follow_up,20001,,2.0933495,cfq_classic,classic,cfq
222,591,51,follow_up,20006,,1.0426368166666666,cfq_classic,classic,cfq
223,592,51,follow_up,20008,,3.74659485,cfq_classic,classic,cfq
224,593,51,follow_up,20017,,1.08986735,cfq_classic,classic,cfq
225,594,51,follow_up,20019,,1.71428465,cfq_classic,classic,cfq
226,595,51,follow_up,20022,,1.1922093833333334,cfq_classic,classic,cfq
227,596,51,follow_up,20023,,1.0757367,cfq_classic,classic,cfq
228,597,51,follow_up,20025,,1.0254323333333333,cfq_classic,classic,cfq
229,598,51,pre_survey_discussion,0,,0.6469701000000001,cfq_classic,classic,cfq
230,599,51,post_survey_discussion,0,,0.49317395,cfq_classic,classic,cfq
231,554,47,pre_survey_discussion,0,,1.2408483666666668,cfq_classic,classic,cfq
232,545,47,follow_up,20001,,2.4954689,cfq_classic,classic,cfq
233,546,47,follow_up,20005,,3.2959056166666665,cfq_classic,classic,cfq
234,547,47,follow_up,20006,,2.4532761166666663,cfq_classic,classic,cfq
235,548,47,follow_up,20008,,3.7511047333333334,cfq_classic,classic,cfq
236,549,47,follow_up,20017,,2.0789223333333333,cfq_classic,classic,cfq
237,550,47,follow_up,20019,,1.8263549666666667,cfq_classic,classic,cfq
238,551,47,follow_up,20022,,2.090823733333333,cfq_classic,classic,cfq
239,552,47,follow_up,20023,,1.2377057,cfq_classic,classic,cfq
240,553,47,follow_up,20025,,1.87961585,cfq_classic,classic,cfq
241,555,47,post_survey_discussion,0,,0.6110149333333333,cfq_classic,classic,cfq
242,587,50,pre_survey_discussion,0,,2.086884,cfq_classic,classic,cfq
243,578,50,follow_up,20001,,2.114759633333333,cfq_classic,classic,cfq
244,579,50,follow_up,20005,,3.285124183333333,cfq_classic,classic,cfq
245,580,50,follow_up,20006,,2.6171729,cfq_classic,classic,cfq
246,581,50,follow_up,20008,,2.6665798666666665,cfq_classic,classic,cfq
247,582,50,follow_up,20017,,2.4172692,cfq_classic,classic,cfq
248,583,50,follow_up,20019,,2.2980923833333335,cfq_classic,classic,cfq
249,584,50,follow_up,20022,,3.1062110166666668,cfq_classic,classic,cfq
250,585,50,follow_up,20023,,2.3612394,cfq_classic,classic,cfq
251,586,50,follow_up,20025,,2.7738082166666667,cfq_classic,classic,cfq
252,588,50,post_survey_discussion,0,,0.4140946833333333,cfq_classic,classic,cfq
253,815,70,follow_up,21006,,1.2816618666666666,cfq_avatar,avatar,cfq
254,816,70,follow_up,21008,,1.4323043,cfq_avatar,avatar,cfq
255,822,70,pre_survey_discussion,0,,2.3195197,cfq_avatar,avatar,cfq
256,813,70,follow_up,21001,,1.0356802333333333,cfq_avatar,avatar,cfq
257,814,70,follow_up,21005,,1.2456914,cfq_avatar,avatar,cfq
258,817,70,follow_up,21017,,1.3191393,cfq_avatar,avatar,cfq
259,818,70,follow_up,21019,,1.5317738666666665,cfq_avatar,avatar,cfq
260,819,70,follow_up,21022,,1.3796677499999999,cfq_avatar,avatar,cfq
261,820,70,follow_up,21023,,1.04018195,cfq_avatar,avatar,cfq
262,821,70,follow_up,21025,,1.3675005333333334,cfq_avatar,avatar,cfq
263,823,70,post_survey_discussion,0,,,cfq_avatar,avatar,cfq
264,680,58,pre_survey_discussion,0,,1.2797595833333333,bfi2s_avatar,avatar,bfi
265,670,58,follow_up,11000,,2.1228960666666667,bfi2s_avatar,avatar,bfi
266,671,58,follow_up,11004,,1.7684878166666667,bfi2s_avatar,avatar,bfi
267,673,58,follow_up,11008,,4.312197366666666,bfi2s_avatar,avatar,bfi
268,672,58,follow_up,11007,,2.5166356,bfi2s_avatar,avatar,bfi
269,674,58,follow_up,11011,,2.1273250666666668,bfi2s_avatar,avatar,bfi
270,675,58,follow_up,11014,,1.7466452333333333,bfi2s_avatar,avatar,bfi
271,676,58,follow_up,11017,,1.32990645,bfi2s_avatar,avatar,bfi
272,677,58,follow_up,11018,,2.7325172166666665,bfi2s_avatar,avatar,bfi
273,678,58,follow_up,11022,,1.4899579166666668,bfi2s_avatar,avatar,bfi
274,679,58,follow_up,11030,,1.6779524166666666,bfi2s_avatar,avatar,bfi
275,681,58,post_survey_discussion,0,,,bfi2s_avatar,avatar,bfi
276,646,56,follow_up,10000,,1.7666879333333334,bfi2s_classic,classic,bfi
277,647,56,follow_up,10004,,2.3107192,bfi2s_classic,classic,bfi
278,648,56,follow_up,10007,,1.9090278,bfi2s_classic,classic,bfi
279,649,56,follow_up,10008,,2.4982370833333336,bfi2s_classic,classic,bfi
280,650,56,follow_up,10011,,1.50988075,bfi2s_classic,classic,bfi
281,651,56,follow_up,10014,,1.2098419500000002,bfi2s_classic,classic,bfi
282,652,56,follow_up,10017,,1.8907506666666667,bfi2s_classic,classic,bfi
283,653,56,follow_up,10018,,1.0739907,bfi2s_classic,classic,bfi
284,654,56,follow_up,10022,,1.1829915,bfi2s_classic,classic,bfi
285,655,56,follow_up,10030,,0.9919385833333333,bfi2s_classic,classic,bfi
286,656,56,pre_survey_discussion,0,,0.8398038,bfi2s_classic,classic,bfi
287,657,56,post_survey_discussion,0,,0.22982343333333333,bfi2s_classic,classic,bfi
288,734,63,follow_up,20017,,3.1402664000000002,cfq_classic,classic,cfq
289,730,63,follow_up,20001,,1.3031228666666665,cfq_classic,classic,cfq
290,731,63,follow_up,20005,,1.92156245,cfq_classic,classic,cfq
291,732,63,follow_up,20006,,7.404767716666667,cfq_classic,classic,cfq
292,733,63,follow_up,20008,,4.336424750000001,cfq_classic,classic,cfq
293,735,63,follow_up,20019,,0.8159839000000001,cfq_classic,classic,cfq
294,736,63,follow_up,20022,,0.99547595,cfq_classic,classic,cfq
295,737,63,follow_up,20023,,0.6498463166666667,cfq_classic,classic,cfq
296,738,63,follow_up,20025,,1.2818169,cfq_classic,classic,cfq
297,739,63,pre_survey_discussion,0,,1.3248571666666666,cfq_classic,classic,cfq
298,740,63,post_survey_discussion,0,,0.33704876666666667,cfq_classic,classic,cfq
299,880,76,follow_up,21005,"Grounding technicuqes - things I can see, hear, touch, smell",2.8428657,cfq_avatar,avatar,cfq
300,883,76,follow_up,21017,Frustrating - it is usually important and i cant find it when i am in a hurry,2.3470566666666666,cfq_avatar,avatar,cfq
301,885,76,follow_up,21022,,2.36601435,cfq_avatar,avatar,cfq
302,881,76,follow_up,21006,,2.475131933333333,cfq_avatar,avatar,cfq
303,888,76,pre_survey_discussion,0,,2.305197966666667,cfq_avatar,avatar,cfq
304,882,76,follow_up,21008,I am not a volunteer - she is. But it helps show how much I appreciate them and encourdages them to be social,3.2595397166666666,cfq_avatar,avatar,cfq
305,879,76,follow_up,21001,To do lists help give me order and remember everything i have to do. It gives me more head space to focus on the tasks rather than remebering what they are.,2.9777291166666666,cfq_avatar,avatar,cfq
306,889,76,post_survey_discussion,0,,0.03261321666666667,cfq_avatar,avatar,cfq
307,884,76,follow_up,21019,,2.1164644666666668,cfq_avatar,avatar,cfq
308,886,76,follow_up,21023,,2.442685683333333,cfq_avatar,avatar,cfq
309,887,76,follow_up,21025,,3.19648485,cfq_avatar,avatar,cfq
310,1232,106,pre_survey_discussion,0,,1.7443060000000001,cfq_avatar,avatar,cfq
311,1223,106,follow_up,21001,,2.630059466666667,cfq_avatar,avatar,cfq
312,1224,106,follow_up,21005,,1.8127237666666667,cfq_avatar,avatar,cfq
313,1225,106,follow_up,21006,,2.0714494833333332,cfq_avatar,avatar,cfq
314,1226,106,follow_up,21008,,2.660359166666667,cfq_avatar,avatar,cfq
315,1227,106,follow_up,21017,,2.1575707499999996,cfq_avatar,avatar,cfq
316,1228,106,follow_up,21019,,2.1423918666666664,cfq_avatar,avatar,cfq
317,1230,106,follow_up,21023,,2.3990570333333334,cfq_avatar,avatar,cfq
318,1231,106,follow_up,21025,,3.338628583333333,cfq_avatar,avatar,cfq
319,1233,106,post_survey_discussion,0,,,cfq_avatar,avatar,cfq
320,1229,106,follow_up,21022,,2.6037817166666666,cfq_avatar,avatar,cfq
321,1087,94,follow_up,20001,,1.7508652166666667,cfq_classic,classic,cfq
322,1088,94,follow_up,20005,,1.4259590333333334,cfq_classic,classic,cfq
323,1089,94,follow_up,20006,,1.0778640833333335,cfq_classic,classic,cfq
324,1090,94,follow_up,20008,,0.9593094333333333,cfq_classic,classic,cfq
325,1091,94,follow_up,20017,,1.4047074333333331,cfq_classic,classic,cfq
326,1092,94,follow_up,20019,,1.6158724500000001,cfq_classic,classic,cfq
327,1093,94,follow_up,20022,,0.9172678,cfq_classic,classic,cfq
328,1094,94,follow_up,20023,,0.5237083,cfq_classic,classic,cfq
329,1095,94,follow_up,20025,,0.72276085,cfq_classic,classic,cfq
330,1096,94,pre_survey_discussion,0,,0.5796120833333334,cfq_classic,classic,cfq
331,1097,94,post_survey_discussion,0,,0.3706308166666667,cfq_classic,classic,cfq
332,899,77,pre_survey_discussion,0,,2.873111016666667,cfq_avatar,avatar,cfq
333,890,77,follow_up,21001,,1.3556512,cfq_avatar,avatar,cfq
334,894,77,follow_up,21017,,1.2578407666666667,cfq_avatar,avatar,cfq
335,891,77,follow_up,21005,,1.7390668666666669,cfq_avatar,avatar,cfq
336,892,77,follow_up,21006,,1.1688970333333333,cfq_avatar,avatar,cfq
337,897,77,follow_up,21023,"Yes, I break down the list into smaller sections",1.9182001333333334,cfq_avatar,avatar,cfq
338,893,77,follow_up,21008,,1.3758846666666666,cfq_avatar,avatar,cfq
339,895,77,follow_up,21019,,1.5981570333333333,cfq_avatar,avatar,cfq
340,896,77,follow_up,21022,,1.3929756666666668,cfq_avatar,avatar,cfq
341,898,77,follow_up,21025,,1.3678710500000002,cfq_avatar,avatar,cfq
342,900,77,post_survey_discussion,0,,,cfq_avatar,avatar,cfq
343,1267,109,pre_survey_discussion,0,,1.2716074999999998,bfi2s_avatar,avatar,bfi
344,1257,109,follow_up,11000,,2.2039999,bfi2s_avatar,avatar,bfi
345,1258,109,follow_up,11004,,3.65278595,bfi2s_avatar,avatar,bfi
346,1259,109,follow_up,11007,,4.037651533333333,bfi2s_avatar,avatar,bfi
347,1260,109,follow_up,11008,,3.9240092833333335,bfi2s_avatar,avatar,bfi
348,1261,109,follow_up,11011,,2.8784251666666667,bfi2s_avatar,avatar,bfi
349,1262,109,follow_up,11014,,1.4263603333333335,bfi2s_avatar,avatar,bfi
350,1263,109,follow_up,11017,,2.848871416666667,bfi2s_avatar,avatar,bfi
351,1264,109,follow_up,11018,,2.0075985833333334,bfi2s_avatar,avatar,bfi
352,1265,109,follow_up,11022,,1.9219882833333335,bfi2s_avatar,avatar,bfi
353,1266,109,follow_up,11030,,2.5760497666666664,bfi2s_avatar,avatar,bfi
354,1268,109,post_survey_discussion,0,,0.18070581666666669,bfi2s_avatar,avatar,bfi
355,1500,129,pre_survey_discussion,0,no,16.796661083333333,cfq_avatar,avatar,cfq
356,1492,129,follow_up,21005,no,1.78183245,cfq_avatar,avatar,cfq
357,1493,129,follow_up,21006,no,1.8132475166666666,cfq_avatar,avatar,cfq
358,1495,129,follow_up,21017,no,2.8244078666666668,cfq_avatar,avatar,cfq
359,1496,129,follow_up,21019,,6.975755683333333,cfq_avatar,avatar,cfq
360,1497,129,follow_up,21022,,1.1109724166666666,cfq_avatar,avatar,cfq
361,1498,129,follow_up,21023,,1.1357754166666667,cfq_avatar,avatar,cfq
362,1501,129,post_survey_discussion,0,,,cfq_avatar,avatar,cfq
363,1491,129,follow_up,21001,no,1.7732757,cfq_avatar,avatar,cfq
364,1494,129,follow_up,21008,,4.990700566666666,cfq_avatar,avatar,cfq
365,1499,129,follow_up,21025,,1.2957805166666667,cfq_avatar,avatar,cfq
366,1548,134,follow_up,10000,,2.319031883333333,bfi2s_classic,classic,bfi
367,1549,134,follow_up,10004,,2.3656006333333335,bfi2s_classic,classic,bfi
368,1550,134,follow_up,10007,,2.16292685,bfi2s_classic,classic,bfi
369,1551,134,follow_up,10008,,1.9286885166666667,bfi2s_classic,classic,bfi
370,1552,134,follow_up,10011,,1.8843170166666667,bfi2s_classic,classic,bfi
371,1553,134,follow_up,10014,,1.7207331333333333,bfi2s_classic,classic,bfi
372,1554,134,follow_up,10017,,1.3068431333333335,bfi2s_classic,classic,bfi
373,1555,134,follow_up,10018,,1.7138393166666668,bfi2s_classic,classic,bfi
374,1556,134,follow_up,10022,,1.8145368333333332,bfi2s_classic,classic,bfi
375,1557,134,follow_up,10030,,2.86642175,bfi2s_classic,classic,bfi
376,1558,134,pre_survey_discussion,0,,1.7957775666666669,bfi2s_classic,classic,bfi
377,1559,134,post_survey_discussion,0,,0.7262329,bfi2s_classic,classic,bfi
378,1130,97,pre_survey_discussion,0,,0.5494262166666667,cfq_classic,classic,cfq
379,1123,97,follow_up,20006,,0.8506237999999999,cfq_classic,classic,cfq
380,1121,97,follow_up,20001,,1.0537379833333334,cfq_classic,classic,cfq
381,1122,97,follow_up,20005,,1.0355409666666666,cfq_classic,classic,cfq
382,1125,97,follow_up,20017,,1.0719953833333333,cfq_classic,classic,cfq
383,1126,97,follow_up,20019,,1.0281010666666668,cfq_classic,classic,cfq
384,1127,97,follow_up,20022,,1.7032548833333334,cfq_classic,classic,cfq
385,1128,97,follow_up,20023,,0.7839449166666667,cfq_classic,classic,cfq
386,1129,97,follow_up,20025,,1.4038469,cfq_classic,classic,cfq
387,1124,97,follow_up,20008,,0.9577141833333334,cfq_classic,classic,cfq
388,1131,97,post_survey_discussion,0,,0.27739173333333333,cfq_classic,classic,cfq
389,1166,101,follow_up,20001,,3.03389585,cfq_classic,classic,cfq
390,1167,101,follow_up,20005,,5.737010383333333,cfq_classic,classic,cfq
391,1169,101,follow_up,20008,,2.311543,cfq_classic,classic,cfq
392,1168,101,follow_up,20006,,5.52203035,cfq_classic,classic,cfq
393,1170,101,follow_up,20017,,2.0624333333333333,cfq_classic,classic,cfq
394,1171,101,follow_up,20019,,8.027191716666668,cfq_classic,classic,cfq
395,1172,101,follow_up,20022,,2.2160095666666666,cfq_classic,classic,cfq
396,1173,101,follow_up,20023,,5.615338733333333,cfq_classic,classic,cfq
397,1174,101,follow_up,20025,,1.61525945,cfq_classic,classic,cfq
398,1176,101,post_survey_discussion,0,,0.37341408333333337,cfq_classic,classic,cfq
399,1175,101,pre_survey_discussion,0,,1.2854360166666665,cfq_classic,classic,cfq
400,1073,92,pre_survey_discussion,0,,0.42318038333333335,bfi2s_avatar,avatar,bfi
401,1063,92,follow_up,11000,,1.9501698500000002,bfi2s_avatar,avatar,bfi
402,1065,92,follow_up,11007,,2.9165816666666666,bfi2s_avatar,avatar,bfi
403,1066,92,follow_up,11008,,4.307982983333333,bfi2s_avatar,avatar,bfi
404,1067,92,follow_up,11011,,1.9029735333333333,bfi2s_avatar,avatar,bfi
405,1068,92,follow_up,11014,,2.573726483333333,bfi2s_avatar,avatar,bfi
406,1069,92,follow_up,11017,,3.1171946166666666,bfi2s_avatar,avatar,bfi
407,1070,92,follow_up,11018,,1.8958160666666666,bfi2s_avatar,avatar,bfi
408,1071,92,follow_up,11022,,2.8709170166666667,bfi2s_avatar,avatar,bfi
409,1072,92,follow_up,11030,,3.8191088,bfi2s_avatar,avatar,bfi
410,1074,92,post_survey_discussion,0,,1.2165353833333334,bfi2s_avatar,avatar,bfi
411,1064,92,follow_up,11004,,3.806447866666667,bfi2s_avatar,avatar,bfi
412,1389,120,follow_up,11008,,1.6157589666666667,bfi2s_avatar,avatar,bfi
413,1386,120,follow_up,11000,no,1.71498295,bfi2s_avatar,avatar,bfi
414,1388,120,follow_up,11007,,1.6688991833333333,bfi2s_avatar,avatar,bfi
415,1390,120,follow_up,11011,,1.5513395166666666,bfi2s_avatar,avatar,bfi
416,1396,120,pre_survey_discussion,0,,1.76580575,bfi2s_avatar,avatar,bfi
417,1387,120,follow_up,11004,,1.8822239166666668,bfi2s_avatar,avatar,bfi
418,1391,120,follow_up,11014,,1.3372697,bfi2s_avatar,avatar,bfi
419,1392,120,follow_up,11017,,1.5453780333333333,bfi2s_avatar,avatar,bfi
420,1393,120,follow_up,11018,,1.5866701833333332,bfi2s_avatar,avatar,bfi
421,1394,120,follow_up,11022,,1.5058438500000002,bfi2s_avatar,avatar,bfi
422,1395,120,follow_up,11030,,1.0851985,bfi2s_avatar,avatar,bfi
423,1397,120,post_survey_discussion,0,,0.10144595000000001,bfi2s_avatar,avatar,bfi
424,1327,114,pre_survey_discussion,0,I want to share my skills and knowledge about technology.,4.0443076,bfi2s_avatar,avatar,bfi
425,1318,114,follow_up,11004,No,2.161842516666667,bfi2s_avatar,avatar,bfi
426,1319,114,follow_up,11007,No,3.266013083333333,bfi2s_avatar,avatar,bfi
427,1320,114,follow_up,11008,No,3.644296033333333,bfi2s_avatar,avatar,bfi
428,1321,114,follow_up,11011,No,2.6076476666666664,bfi2s_avatar,avatar,bfi
429,1322,114,follow_up,11014,No,2.6747965500000004,bfi2s_avatar,avatar,bfi
430,1323,114,follow_up,11017,No,2.553397416666667,bfi2s_avatar,avatar,bfi
431,1324,114,follow_up,11018,No,2.1094521,bfi2s_avatar,avatar,bfi
432,1325,114,follow_up,11022,No,2.3226570166666667,bfi2s_avatar,avatar,bfi
433,1326,114,follow_up,11030,No,2.9169652,bfi2s_avatar,avatar,bfi
434,1317,114,follow_up,11000,No,2.4536738666666666,bfi2s_avatar,avatar,bfi
435,1328,114,post_survey_discussion,0,,0.06919806666666667,bfi2s_avatar,avatar,bfi
436,1305,113,follow_up,10000,,2.6408819500000003,bfi2s_classic,classic,bfi
437,1306,113,follow_up,10004,,4.266395883333334,bfi2s_classic,classic,bfi
438,1307,113,follow_up,10007,,4.104343766666667,bfi2s_classic,classic,bfi
439,1308,113,follow_up,10008,,2.3671725833333332,bfi2s_classic,classic,bfi
440,1309,113,follow_up,10011,,2.83941785,bfi2s_classic,classic,bfi
441,1310,113,follow_up,10014,,1.1522664666666667,bfi2s_classic,classic,bfi
442,1311,113,follow_up,10017,,1.2421251,bfi2s_classic,classic,bfi
443,1312,113,follow_up,10018,,2.3755720666666664,bfi2s_classic,classic,bfi
444,1313,113,follow_up,10022,,3.0383357833333333,bfi2s_classic,classic,bfi
445,1314,113,follow_up,10030,,1.5814929333333334,bfi2s_classic,classic,bfi
446,1315,113,pre_survey_discussion,0,,1.8236601666666667,bfi2s_classic,classic,bfi
447,1316,113,post_survey_discussion,0,,0.9962558333333333,bfi2s_classic,classic,bfi
448,1016,88,follow_up,10000,,1.07628845,bfi2s_classic,classic,bfi
449,1017,88,follow_up,10004,,0.7351735,bfi2s_classic,classic,bfi
450,1018,88,follow_up,10007,,0.6614263666666667,bfi2s_classic,classic,bfi
451,1019,88,follow_up,10008,,1.4238481833333334,bfi2s_classic,classic,bfi
452,1020,88,follow_up,10011,,0.5480274833333334,bfi2s_classic,classic,bfi
453,1021,88,follow_up,10014,,0.42186243333333334,bfi2s_classic,classic,bfi
454,1024,88,follow_up,10022,,1.0318118,bfi2s_classic,classic,bfi
455,1025,88,follow_up,10030,,0.5356238166666666,bfi2s_classic,classic,bfi
456,1023,88,follow_up,10018,,0.42355248333333334,bfi2s_classic,classic,bfi
457,1026,88,pre_survey_discussion,0,,0.55567325,bfi2s_classic,classic,bfi
458,1027,88,post_survey_discussion,0,,0.08417046666666667,bfi2s_classic,classic,bfi
459,1189,103,follow_up,20001,,2.951969966666667,cfq_classic,classic,cfq
460,1190,103,follow_up,20005,,3.850765583333333,cfq_classic,classic,cfq
461,1191,103,follow_up,20006,,2.9211772833333334,cfq_classic,classic,cfq
462,1192,103,follow_up,20008,,2.6759409333333335,cfq_classic,classic,cfq
463,1194,103,follow_up,20019,,1.9626820833333334,cfq_classic,classic,cfq
464,1193,103,follow_up,20017,,3.19742675,cfq_classic,classic,cfq
465,1197,103,follow_up,20025,,2.1826708666666668,cfq_classic,classic,cfq
466,1195,103,follow_up,20022,,1.71612855,cfq_classic,classic,cfq
467,1196,103,follow_up,20023,,1.3202024333333333,cfq_classic,classic,cfq
468,1198,103,pre_survey_discussion,0,,1.7659881833333333,cfq_classic,classic,cfq
469,1199,103,post_survey_discussion,0,,0.6853151000000001,cfq_classic,classic,cfq
470,1040,90,follow_up,10000,,4.937129333333333,bfi2s_classic,classic,bfi
471,1042,90,follow_up,10007,,1.4110425666666666,bfi2s_classic,classic,bfi
472,1044,90,follow_up,10011,,1.1459540333333333,bfi2s_classic,classic,bfi
473,1043,90,follow_up,10008,,1.0832696499999999,bfi2s_classic,classic,bfi
474,1045,90,follow_up,10014,,2.4447448166666663,bfi2s_classic,classic,bfi
475,1046,90,follow_up,10017,,1.0207135833333334,bfi2s_classic,classic,bfi
476,1047,90,follow_up,10018,,1.4596898,bfi2s_classic,classic,bfi
477,1048,90,follow_up,10022,,1.2901649333333334,bfi2s_classic,classic,bfi
478,1049,90,follow_up,10030,,1.5604818666666667,bfi2s_classic,classic,bfi
479,1041,90,follow_up,10004,,1.3395348166666667,bfi2s_classic,classic,bfi
480,1050,90,pre_survey_discussion,0,,3.6615011999999996,bfi2s_classic,classic,bfi
481,1051,90,post_survey_discussion,0,,0.48702579999999995,bfi2s_classic,classic,bfi
482,1800,156,follow_up,11007,,2.4432983833333335,bfi2s_avatar,avatar,bfi
483,1808,156,pre_survey_discussion,0,,3.4101808,bfi2s_avatar,avatar,bfi
484,1798,156,follow_up,11000,,1.89346455,bfi2s_avatar,avatar,bfi
485,1801,156,follow_up,11008,,1.9747501333333333,bfi2s_avatar,avatar,bfi
486,1799,156,follow_up,11004,,2.4898674666666665,bfi2s_avatar,avatar,bfi
487,1805,156,follow_up,11018,,2.280759783333333,bfi2s_avatar,avatar,bfi
488,1802,156,follow_up,11011,,2.25208715,bfi2s_avatar,avatar,bfi
489,1803,156,follow_up,11014,,2.185579616666667,bfi2s_avatar,avatar,bfi
490,1804,156,follow_up,11017,,2.3783338666666665,bfi2s_avatar,avatar,bfi
491,1806,156,follow_up,11022,,2.5233542499999997,bfi2s_avatar,avatar,bfi
492,1807,156,follow_up,11030,,2.2741168833333334,bfi2s_avatar,avatar,bfi
493,1809,156,post_survey_discussion,0,,0.48672705,bfi2s_avatar,avatar,bfi
494,1502,130,follow_up,11000,,3.67267835,bfi2s_avatar,avatar,bfi
495,1503,130,follow_up,11004,,2.280942733333333,bfi2s_avatar,avatar,bfi
496,1504,130,follow_up,11007,,1.7491711833333334,bfi2s_avatar,avatar,bfi
497,1505,130,follow_up,11008,,1.7210431,bfi2s_avatar,avatar,bfi
498,1506,130,follow_up,11011,,2.6311177166666666,bfi2s_avatar,avatar,bfi
499,1507,130,follow_up,11014,,1.69972465,bfi2s_avatar,avatar,bfi
500,1508,130,follow_up,11017,,1.7748915333333335,bfi2s_avatar,avatar,bfi
501,1512,130,pre_survey_discussion,0,,3.90022225,bfi2s_avatar,avatar,bfi
502,1509,130,follow_up,11018,,3.19779545,bfi2s_avatar,avatar,bfi
503,1510,130,follow_up,11022,,2.9333351333333337,bfi2s_avatar,avatar,bfi
504,1511,130,follow_up,11030,,3.136443783333333,bfi2s_avatar,avatar,bfi
505,1513,130,post_survey_discussion,0,,1.4150526166666666,bfi2s_avatar,avatar,bfi
506,1004,87,follow_up,10000,,0.7763386666666666,bfi2s_classic,classic,bfi
507,1005,87,follow_up,10004,,1.0697421666666667,bfi2s_classic,classic,bfi
508,1006,87,follow_up,10007,,0.7056268833333333,bfi2s_classic,classic,bfi
509,1007,87,follow_up,10008,,0.9693542833333333,bfi2s_classic,classic,bfi
510,1008,87,follow_up,10011,,1.6873492666666665,bfi2s_classic,classic,bfi
511,1009,87,follow_up,10014,,0.8129486666666667,bfi2s_classic,classic,bfi
512,1010,87,follow_up,10017,,1.0413335666666665,bfi2s_classic,classic,bfi
513,1011,87,follow_up,10018,,1.2560229666666667,bfi2s_classic,classic,bfi
514,1012,87,follow_up,10022,,1.7504461666666666,bfi2s_classic,classic,bfi
515,1013,87,follow_up,10030,,3.0366845833333334,bfi2s_classic,classic,bfi
516,1014,87,pre_survey_discussion,0,,1.0473082666666667,bfi2s_classic,classic,bfi
517,1015,87,post_survey_discussion,0,,1.91708825,bfi2s_classic,classic,bfi
518,1141,98,pre_survey_discussion,0,,3.4001934,cfq_avatar,avatar,cfq
519,1132,98,follow_up,21001,,1.5230649666666667,cfq_avatar,avatar,cfq
520,1133,98,follow_up,21005,,1.4807953666666667,cfq_avatar,avatar,cfq
521,1134,98,follow_up,21006,,1.5142377166666667,cfq_avatar,avatar,cfq
522,1135,98,follow_up,21008,,1.1411823833333334,cfq_avatar,avatar,cfq
523,1137,98,follow_up,21019,,2.31077215,cfq_avatar,avatar,cfq
524,1136,98,follow_up,21017,,1.4470081833333335,cfq_avatar,avatar,cfq
525,1138,98,follow_up,21022,,1.5090437333333333,cfq_avatar,avatar,cfq
526,1139,98,follow_up,21023,,1.5242740333333333,cfq_avatar,avatar,cfq
527,1140,98,follow_up,21025,,3.3483691500000003,cfq_avatar,avatar,cfq
528,1142,98,post_survey_discussion,0,,,cfq_avatar,avatar,cfq
529,1164,100,pre_survey_discussion,0,,1.4601147333333333,cfq_avatar,avatar,cfq
530,1155,100,follow_up,21001,,1.63042445,cfq_avatar,avatar,cfq
531,1156,100,follow_up,21005,,1.7219965,cfq_avatar,avatar,cfq
532,1157,100,follow_up,21006,,1.4834225833333332,cfq_avatar,avatar,cfq
533,1158,100,follow_up,21008,,1.4620056833333335,cfq_avatar,avatar,cfq
534,1159,100,follow_up,21017,,1.5797616166666666,cfq_avatar,avatar,cfq
535,1160,100,follow_up,21019,,1.4959564666666667,cfq_avatar,avatar,cfq
536,1161,100,follow_up,21022,,1.6727547166666668,cfq_avatar,avatar,cfq
537,1163,100,follow_up,21025,,1.67463555,cfq_avatar,avatar,cfq
538,1165,100,post_survey_discussion,0,,0.053188933333333334,cfq_avatar,avatar,cfq
539,1162,100,follow_up,21023,,1.2186297333333334,cfq_avatar,avatar,cfq
540,1075,93,follow_up,11000,,2.0030989666666668,bfi2s_avatar,avatar,bfi
541,1076,93,follow_up,11004,,2.3894365166666662,bfi2s_avatar,avatar,bfi
542,1077,93,follow_up,11007,,2.2792200166666663,bfi2s_avatar,avatar,bfi
543,1078,93,follow_up,11008,,1.9368048999999998,bfi2s_avatar,avatar,bfi
544,1080,93,follow_up,11014,,1.7100684166666666,bfi2s_avatar,avatar,bfi
545,1081,93,follow_up,11017,,1.8178520666666667,bfi2s_avatar,avatar,bfi
546,1082,93,follow_up,11018,,1.8436814333333333,bfi2s_avatar,avatar,bfi
547,1083,93,follow_up,11022,,2.4006642166666667,bfi2s_avatar,avatar,bfi
548,1084,93,follow_up,11030,,2.8606396166666666,bfi2s_avatar,avatar,bfi
549,1086,93,post_survey_discussion,0,,,bfi2s_avatar,avatar,bfi
550,1085,93,pre_survey_discussion,0,,1.8994506333333334,bfi2s_avatar,avatar,bfi
551,1079,93,follow_up,11011,,2.1300830166666667,bfi2s_avatar,avatar,bfi
552,1177,102,follow_up,10000,,1.10602165,bfi2s_classic,classic,bfi
553,1178,102,follow_up,10004,,1.7458894,bfi2s_classic,classic,bfi
554,1179,102,follow_up,10007,,1.0728848333333334,bfi2s_classic,classic,bfi
555,1180,102,follow_up,10008,,1.36359125,bfi2s_classic,classic,bfi
556,1181,102,follow_up,10011,,1.23914775,bfi2s_classic,classic,bfi
557,1182,102,follow_up,10014,,1.1119902333333334,bfi2s_classic,classic,bfi
558,1183,102,follow_up,10017,,1.3960383166666666,bfi2s_classic,classic,bfi
559,1184,102,follow_up,10018,,1.5617557,bfi2s_classic,classic,bfi
560,1185,102,follow_up,10022,,1.6377755833333334,bfi2s_classic,classic,bfi
561,1186,102,follow_up,10030,,1.3300224999999999,bfi2s_classic,classic,bfi
562,1187,102,pre_survey_discussion,0,,1.1480741833333332,bfi2s_classic,classic,bfi
563,1188,102,post_survey_discussion,0,,0.3189110333333333,bfi2s_classic,classic,bfi
564,1098,95,follow_up,11000,,1.4180552166666667,bfi2s_avatar,avatar,bfi
565,1099,95,follow_up,11004,it preaches love and this has helped me to be compassionate with others,2.667348883333333,bfi2s_avatar,avatar,bfi
566,1100,95,follow_up,11007,,1.74868375,bfi2s_avatar,avatar,bfi
567,1108,95,pre_survey_discussion,0,,2.388117766666667,bfi2s_avatar,avatar,bfi
568,1103,95,follow_up,11014,,1.6233166166666666,bfi2s_avatar,avatar,bfi
569,1104,95,follow_up,11017,more for my own understanding,1.6722427000000002,bfi2s_avatar,avatar,bfi
570,1106,95,follow_up,11022,"yes, it has opened doors for me",2.14050685,bfi2s_avatar,avatar,bfi
571,1109,95,post_survey_discussion,0,,4.94997995,bfi2s_avatar,avatar,bfi
572,1101,95,follow_up,11008,"it does both, help me to navigate challenges and also motivated",2.4517714833333333,bfi2s_avatar,avatar,bfi
573,1102,95,follow_up,11011,"yes, dancing uplifts my spirit even more",6.988565533333333,bfi2s_avatar,avatar,bfi
574,1107,95,follow_up,11030,no,1.6902794833333334,bfi2s_avatar,avatar,bfi
575,1105,95,follow_up,11018,no,1.0727204499999998,bfi2s_avatar,avatar,bfi
576,1153,99,pre_survey_discussion,0,,1.4926741666666667,bfi2s_avatar,avatar,bfi
577,1144,99,follow_up,11004,,2.8167755666666663,bfi2s_avatar,avatar,bfi
578,1146,99,follow_up,11008,,4.3193164500000005,bfi2s_avatar,avatar,bfi
579,1147,99,follow_up,11011,,2.3354528833333332,bfi2s_avatar,avatar,bfi
580,1148,99,follow_up,11014,,1.8941542166666667,bfi2s_avatar,avatar,bfi
581,1149,99,follow_up,11017,,2.654967216666667,bfi2s_avatar,avatar,bfi
582,1150,99,follow_up,11018,,1.3203791333333332,bfi2s_avatar,avatar,bfi
583,1151,99,follow_up,11022,,2.0686552333333332,bfi2s_avatar,avatar,bfi
584,1152,99,follow_up,11030,,2.5623159,bfi2s_avatar,avatar,bfi
585,1154,99,post_survey_discussion,0,,0.8101515833333334,bfi2s_avatar,avatar,bfi
586,1143,99,follow_up,11000,,2.47139475,bfi2s_avatar,avatar,bfi
587,1145,99,follow_up,11007,"Keeping a to-do list helps me in all aspects of my life, e.g. work and relationships as well as cleaning",3.0302991333333336,bfi2s_avatar,avatar,bfi
588,1248,108,follow_up,21006,,1.0239006,cfq_avatar,avatar,cfq
589,1255,108,pre_survey_discussion,0,,1.2323816666666665,cfq_avatar,avatar,cfq
590,1249,108,follow_up,21008,,1.0077989666666667,cfq_avatar,avatar,cfq
591,1250,108,follow_up,21017,,1.1195128166666668,cfq_avatar,avatar,cfq
592,1251,108,follow_up,21019,,1.4573357833333334,cfq_avatar,avatar,cfq
593,1252,108,follow_up,21022,,1.1221339333333333,cfq_avatar,avatar,cfq
594,1253,108,follow_up,21023,,0.9206547333333333,cfq_avatar,avatar,cfq
595,1254,108,follow_up,21025,,1.1119181166666665,cfq_avatar,avatar,cfq
596,1256,108,post_survey_discussion,0,,0.057360749999999995,cfq_avatar,avatar,cfq
597,1246,108,follow_up,21001,,1.6440353166666666,cfq_avatar,avatar,cfq
598,1247,108,follow_up,21005,,1.4143490166666666,cfq_avatar,avatar,cfq
599,1221,105,pre_survey_discussion,0,,1.8351174333333333,bfi2s_avatar,avatar,bfi
600,1211,105,follow_up,11000,"Yes, I find that it is challenging to hold back when I want to say something",1.9327399333333333,bfi2s_avatar,avatar,bfi
601,1212,105,follow_up,11004,no,2.1084400166666666,bfi2s_avatar,avatar,bfi
602,1216,105,follow_up,11014,,3.0662683166666667,bfi2s_avatar,avatar,bfi
603,1214,105,follow_up,11008,,2.7901271833333334,bfi2s_avatar,avatar,bfi
604,1213,105,follow_up,11007,no,2.3695495166666665,bfi2s_avatar,avatar,bfi
605,1215,105,follow_up,11011,,1.0860232166666668,bfi2s_avatar,avatar,bfi
606,1219,105,follow_up,11022,,2.5428261,bfi2s_avatar,avatar,bfi
607,1217,105,follow_up,11017,,1.2675019833333332,bfi2s_avatar,avatar,bfi
608,1218,105,follow_up,11018,,3.05843695,bfi2s_avatar,avatar,bfi
609,1220,105,follow_up,11030,,1.4063739166666667,bfi2s_avatar,avatar,bfi
610,1222,105,post_survey_discussion,0,,0.7730963333333333,bfi2s_avatar,avatar,bfi
611,1201,104,follow_up,21005,no,2.3283986166666666,cfq_avatar,avatar,cfq
612,1209,104,pre_survey_discussion,0,,3.0705499333333335,cfq_avatar,avatar,cfq
613,1200,104,follow_up,21001,none,2.0030216333333333,cfq_avatar,avatar,cfq
614,1202,104,follow_up,21006,no,3.0834760166666664,cfq_avatar,avatar,cfq
615,1203,104,follow_up,21008,no,3.4995619833333333,cfq_avatar,avatar,cfq
616,1204,104,follow_up,21017,no,2.0989725,cfq_avatar,avatar,cfq
617,1205,104,follow_up,21019,no,2.2790635166666666,cfq_avatar,avatar,cfq
618,1206,104,follow_up,21022,no,12.574150166666668,cfq_avatar,avatar,cfq
619,1207,104,follow_up,21023,no,1.7902685,cfq_avatar,avatar,cfq
620,1208,104,follow_up,21025,mo,2.8677711,cfq_avatar,avatar,cfq
621,1210,104,post_survey_discussion,0,,,cfq_avatar,avatar,cfq
622,1342,116,follow_up,20005,,1.2613580666666666,cfq_classic,classic,cfq
623,1343,116,follow_up,20006,,2.0619884666666666,cfq_classic,classic,cfq
624,1344,116,follow_up,20008,,2.0135708666666665,cfq_classic,classic,cfq
625,1345,116,follow_up,20017,,1.916975,cfq_classic,classic,cfq
626,1346,116,follow_up,20019,,1.3134731,cfq_classic,classic,cfq
627,1347,116,follow_up,20022,,1.1077122166666666,cfq_classic,classic,cfq
628,1348,116,follow_up,20023,,2.360408516666667,cfq_classic,classic,cfq
629,1349,116,follow_up,20025,,1.3570090166666666,cfq_classic,classic,cfq
630,1350,116,pre_survey_discussion,0,,0.80089795,cfq_classic,classic,cfq
631,1341,116,follow_up,20001,,1.5433028166666667,cfq_classic,classic,cfq
632,1351,116,post_survey_discussion,0,,0.3996829666666667,cfq_classic,classic,cfq
633,1829,158,follow_up,21023,no,1.3681444999999999,cfq_avatar,avatar,cfq
634,1825,158,follow_up,21008,no,1.5330605000000002,cfq_avatar,avatar,cfq
635,1831,158,pre_survey_discussion,0,,4.174374416666667,cfq_avatar,avatar,cfq
636,1822,158,follow_up,21001,yes,1.6125795666666667,cfq_avatar,avatar,cfq
637,1830,158,follow_up,21025,no,2.079578016666667,cfq_avatar,avatar,cfq
638,1823,158,follow_up,21005,no,1.8262785333333333,cfq_avatar,avatar,cfq
639,1826,158,follow_up,21017,no,1.5706722166666667,cfq_avatar,avatar,cfq
640,1824,158,follow_up,21006,no,0.98965335,cfq_avatar,avatar,cfq
641,1827,158,follow_up,21019,no,1.45921565,cfq_avatar,avatar,cfq
642,1832,158,post_survey_discussion,0,,0.23068546666666664,cfq_avatar,avatar,cfq
643,1828,158,follow_up,21022,no,1.30333805,cfq_avatar,avatar,cfq
644,1710,148,follow_up,11008,"No, I don't think so!",3.5248531499999998,bfi2s_avatar,avatar,bfi
645,1711,148,follow_up,11011,"I don't think so, Judy has been very thorough :)",3.7691170833333336,bfi2s_avatar,avatar,bfi
646,1712,148,follow_up,11014,No :),2.6507224666666667,bfi2s_avatar,avatar,bfi
647,1714,148,follow_up,11018,Not this time :),3.5935330166666666,bfi2s_avatar,avatar,bfi
648,1715,148,follow_up,11022,"All good, thank you!",3.4141741166666666,bfi2s_avatar,avatar,bfi
649,1717,148,pre_survey_discussion,0,,3.9877100833333334,bfi2s_avatar,avatar,bfi
650,1707,148,follow_up,11000,It changed my perspective on feeling that I need to make people feel better or try to fix their problems and to be more comfortable with silence.,4.5891298166666665,bfi2s_avatar,avatar,bfi
651,1708,148,follow_up,11004,"Just that even though I don't feel I cope that well with some situations, by reminding myself that one day it will seem funny or distant really helps.",4.574099833333333,bfi2s_avatar,avatar,bfi
652,1709,148,follow_up,11007,"My favourite thing to do when I see friends is to talk! As I live alone, I like nothing more than having a coffee and a catchup.",6.277473366666666,bfi2s_avatar,avatar,bfi
653,1713,148,follow_up,11017,"No, but I notice that sometimes Judy has cut me off when I haven't finished speaking. Maybe my vocalising (mm or hmm) is too quiet and she thinks I've finished?",2.9500002666666663,bfi2s_avatar,avatar,bfi
654,1716,148,follow_up,11030,Not this time.,3.4146505,bfi2s_avatar,avatar,bfi
655,1718,148,post_survey_discussion,0,,0.0499774,bfi2s_avatar,avatar,bfi
656,1810,157,follow_up,10000,,2.0745767,bfi2s_classic,classic,bfi
657,1812,157,follow_up,10007,,3.9198562,bfi2s_classic,classic,bfi
658,1818,157,follow_up,10022,,2.8774249666666667,bfi2s_classic,classic,bfi
659,1811,157,follow_up,10004,,5.062783233333334,bfi2s_classic,classic,bfi
660,1813,157,follow_up,10008,,5.6078005,bfi2s_classic,classic,bfi
661,1815,157,follow_up,10014,,3.8009022666666668,bfi2s_classic,classic,bfi
662,1814,157,follow_up,10011,,3.5088884833333336,bfi2s_classic,classic,bfi
663,1820,157,pre_survey_discussion,0,,1.9494472333333335,bfi2s_classic,classic,bfi
664,1816,157,follow_up,10017,,2.9045688666666667,bfi2s_classic,classic,bfi
665,1817,157,follow_up,10018,,1.75379645,bfi2s_classic,classic,bfi
666,1819,157,follow_up,10030,,3.0548528666666663,bfi2s_classic,classic,bfi
667,1821,157,post_survey_discussion,0,,0.5275800333333334,bfi2s_classic,classic,bfi
668,1856,161,follow_up,20001,,7.85864155,cfq_classic,classic,cfq
669,1857,161,follow_up,20005,,3.2987625833333336,cfq_classic,classic,cfq
670,1858,161,follow_up,20006,,3.6095075499999996,cfq_classic,classic,cfq
671,1859,161,follow_up,20008,,2.2542222,cfq_classic,classic,cfq
672,1865,161,pre_survey_discussion,0,,2.2457192666666668,cfq_classic,classic,cfq
673,1860,161,follow_up,20017,,4.26404165,cfq_classic,classic,cfq
674,1861,161,follow_up,20019,,4.25830925,cfq_classic,classic,cfq
675,1862,161,follow_up,20022,,3.529641783333333,cfq_classic,classic,cfq
676,1863,161,follow_up,20023,,1.6042692666666667,cfq_classic,classic,cfq
677,1864,161,follow_up,20025,,1.8613662,cfq_classic,classic,cfq
678,1866,161,post_survey_discussion,0,,2.5177181166666665,cfq_classic,classic,cfq
679,1352,117,follow_up,21001,,2.0313988833333334,cfq_avatar,avatar,cfq
680,1354,117,follow_up,21006,I generally can remember spoken text better if the speaker is engaging,2.04136395,cfq_avatar,avatar,cfq
681,1355,117,follow_up,21008,,1.6076341166666666,cfq_avatar,avatar,cfq
682,1356,117,follow_up,21017,,25.5378827,cfq_avatar,avatar,cfq
683,1357,117,follow_up,21019,,1.6056546166666665,cfq_avatar,avatar,cfq
684,1359,117,follow_up,21023,,1.9802387833333335,cfq_avatar,avatar,cfq
685,1360,117,follow_up,21025,I'd say the potential is there to get deeper but usually just a more enjoyable vibe.,2.7178307833333335,cfq_avatar,avatar,cfq
686,1361,117,pre_survey_discussion,0,,1.9254405833333335,cfq_avatar,avatar,cfq
687,1353,117,follow_up,21005,Having a very good memory helps for sure,1.9685884,cfq_avatar,avatar,cfq
688,1362,117,post_survey_discussion,0,,0.6802988,cfq_avatar,avatar,cfq
689,1358,117,follow_up,21022,"Spend time with my dog, cook dinner and watch something.",1.8230681833333333,cfq_avatar,avatar,cfq
690,1648,142,pre_survey_discussion,0,,2.3341146333333334,cfq_avatar,avatar,cfq
691,1639,142,follow_up,21001,,1.44850605,cfq_avatar,avatar,cfq
692,1640,142,follow_up,21005,,1.3325062666666667,cfq_avatar,avatar,cfq
693,1641,142,follow_up,21006,,1.1261091333333333,cfq_avatar,avatar,cfq
694,1642,142,follow_up,21008,,1.0824866333333332,cfq_avatar,avatar,cfq
695,1643,142,follow_up,21017,,1.0306933666666667,cfq_avatar,avatar,cfq
696,1644,142,follow_up,21019,,4.693574433333334,cfq_avatar,avatar,cfq
697,1645,142,follow_up,21022,,1.1978909999999998,cfq_avatar,avatar,cfq
698,1646,142,follow_up,21023,,1.2579908833333335,cfq_avatar,avatar,cfq
699,1647,142,follow_up,21025,,1.5169220833333334,cfq_avatar,avatar,cfq
700,1649,142,post_survey_discussion,0,,,cfq_avatar,avatar,cfq
701,1705,147,pre_survey_discussion,0,,1.8019458166666666,cfq_avatar,avatar,cfq
702,1696,147,follow_up,21001,It is more enjoyable than it is stressful,1.6459053666666668,cfq_avatar,avatar,cfq
703,1698,147,follow_up,21006,mostly repetition,1.2419381166666668,cfq_avatar,avatar,cfq
704,1699,147,follow_up,21008,,1.4304606666666666,cfq_avatar,avatar,cfq
705,1700,147,follow_up,21017,both,1.7486053499999998,cfq_avatar,avatar,cfq
706,1701,147,follow_up,21019,,1.58550575,cfq_avatar,avatar,cfq
707,1702,147,follow_up,21022,,1.48816835,cfq_avatar,avatar,cfq
708,1703,147,follow_up,21023,It works really well and I rarely forget an item,2.8273260833333334,cfq_avatar,avatar,cfq
709,1704,147,follow_up,21025,,1.4180643666666666,cfq_avatar,avatar,cfq
710,1706,147,post_survey_discussion,0,,1.7304303666666667,cfq_avatar,avatar,cfq
711,1697,147,follow_up,21005,Yes laughing at myself is something I do a lot,4.2959519,cfq_avatar,avatar,cfq
712,1375,119,follow_up,20001,,1.4329935333333335,cfq_classic,classic,cfq
713,1376,119,follow_up,20005,,1.6100873,cfq_classic,classic,cfq
714,1377,119,follow_up,20006,,0.9969360833333333,cfq_classic,classic,cfq
715,1379,119,follow_up,20017,,1.0304768333333334,cfq_classic,classic,cfq
716,1381,119,follow_up,20022,,1.5113450666666668,cfq_classic,classic,cfq
717,1382,119,follow_up,20023,,0.6803093833333332,cfq_classic,classic,cfq
718,1383,119,follow_up,20025,,1.34772885,cfq_classic,classic,cfq
719,1378,119,follow_up,20008,,1.1998532,cfq_classic,classic,cfq
720,1380,119,follow_up,20019,,1.2625118499999999,cfq_classic,classic,cfq
721,1384,119,pre_survey_discussion,0,,0.6017940833333333,cfq_classic,classic,cfq
722,1385,119,post_survey_discussion,0,,2.5502296,cfq_classic,classic,cfq
723,1410,122,follow_up,20005,,2.1595992833333333,cfq_classic,classic,cfq
724,1411,122,follow_up,20006,,1.19412055,cfq_classic,classic,cfq
725,1409,122,follow_up,20001,,1.4039613,cfq_classic,classic,cfq
726,1412,122,follow_up,20008,,2.73615005,cfq_classic,classic,cfq
727,1413,122,follow_up,20017,,2.345864833333333,cfq_classic,classic,cfq
728,1414,122,follow_up,20019,,1.3859970833333333,cfq_classic,classic,cfq
729,1415,122,follow_up,20022,,1.7036204166666666,cfq_classic,classic,cfq
730,1416,122,follow_up,20023,,1.4004528833333334,cfq_classic,classic,cfq
731,1417,122,follow_up,20025,,1.4428108833333333,cfq_classic,classic,cfq
732,1418,122,pre_survey_discussion,0,,0.6812052666666666,cfq_classic,classic,cfq
733,1419,122,post_survey_discussion,0,,0.16804066666666667,cfq_classic,classic,cfq
734,1400,121,follow_up,20006,,1.9133393,cfq_classic,classic,cfq
735,1398,121,follow_up,20001,,1.1877523166666668,cfq_classic,classic,cfq
736,1399,121,follow_up,20005,,2.0547438666666666,cfq_classic,classic,cfq
737,1401,121,follow_up,20008,,1.5088922999999999,cfq_classic,classic,cfq
738,1402,121,follow_up,20017,,1.2321546,cfq_classic,classic,cfq
739,1403,121,follow_up,20019,,1.3496042166666666,cfq_classic,classic,cfq
740,1404,121,follow_up,20022,,1.2239705,cfq_classic,classic,cfq
741,1405,121,follow_up,20023,,0.9698707333333334,cfq_classic,classic,cfq
742,1406,121,follow_up,20025,,1.6904133333333333,cfq_classic,classic,cfq
743,1407,121,pre_survey_discussion,0,,0.5599893166666666,cfq_classic,classic,cfq
744,1408,121,post_survey_discussion,0,,0.33394619999999997,cfq_classic,classic,cfq
745,1432,124,follow_up,10000,,1.8802301333333333,bfi2s_classic,classic,bfi
746,1433,124,follow_up,10004,,1.9276446166666665,bfi2s_classic,classic,bfi
747,1434,124,follow_up,10007,,1.6539617166666667,bfi2s_classic,classic,bfi
748,1435,124,follow_up,10008,,2.1520622333333335,bfi2s_classic,classic,bfi
749,1437,124,follow_up,10014,,2.3251680833333332,bfi2s_classic,classic,bfi
750,1436,124,follow_up,10011,,1.4026882166666668,bfi2s_classic,classic,bfi
751,1438,124,follow_up,10017,,2.381949016666667,bfi2s_classic,classic,bfi
752,1439,124,follow_up,10018,,1.8391629999999999,bfi2s_classic,classic,bfi
753,1440,124,follow_up,10022,,1.42725715,bfi2s_classic,classic,bfi
754,1441,124,follow_up,10030,,1.2622046166666665,bfi2s_classic,classic,bfi
755,1442,124,pre_survey_discussion,0,,1.1549589166666665,bfi2s_classic,classic,bfi
756,1443,124,post_survey_discussion,0,,0.5207237333333333,bfi2s_classic,classic,bfi
757,1625,140,follow_up,21025,,1.0355418333333335,cfq_avatar,avatar,cfq
758,1621,140,follow_up,21017,,1.2529885666666667,cfq_avatar,avatar,cfq
759,1622,140,follow_up,21019,,1.2550588833333334,cfq_avatar,avatar,cfq
760,1627,140,post_survey_discussion,0,,,cfq_avatar,avatar,cfq
761,1626,140,pre_survey_discussion,0,,1.72259665,cfq_avatar,avatar,cfq
762,1623,140,follow_up,21022,,1.206937,cfq_avatar,avatar,cfq
763,1617,140,follow_up,21001,,1.3898414833333335,cfq_avatar,avatar,cfq
764,1618,140,follow_up,21005,,1.4260915166666666,cfq_avatar,avatar,cfq
765,1624,140,follow_up,21023,,1.3375586666666666,cfq_avatar,avatar,cfq
766,1619,140,follow_up,21006,,1.3571665166666667,cfq_avatar,avatar,cfq
767,1620,140,follow_up,21008,,1.0825702833333333,cfq_avatar,avatar,cfq
768,1329,115,follow_up,10000,,2.1213031166666667,bfi2s_classic,classic,bfi
769,1330,115,follow_up,10004,,1.9917504000000001,bfi2s_classic,classic,bfi
770,1331,115,follow_up,10007,,2.57020515,bfi2s_classic,classic,bfi
771,1333,115,follow_up,10011,,2.9984592833333332,bfi2s_classic,classic,bfi
772,1334,115,follow_up,10014,,2.9913741666666667,bfi2s_classic,classic,bfi
773,1335,115,follow_up,10017,,2.609984416666667,bfi2s_classic,classic,bfi
774,1336,115,follow_up,10018,,2.1356042333333334,bfi2s_classic,classic,bfi
775,1337,115,follow_up,10022,,4.993836,bfi2s_classic,classic,bfi
776,1339,115,pre_survey_discussion,0,,1.9669790666666667,bfi2s_classic,classic,bfi
777,1332,115,follow_up,10008,,3.073610616666667,bfi2s_classic,classic,bfi
778,1338,115,follow_up,10030,,3.5653381333333334,bfi2s_classic,classic,bfi
779,1340,115,post_survey_discussion,0,,4.4356793833333334,bfi2s_classic,classic,bfi
780,1420,123,follow_up,11000,,1.9535030333333334,bfi2s_avatar,avatar,bfi
781,1421,123,follow_up,11004,,1.8842945833333333,bfi2s_avatar,avatar,bfi
782,1423,123,follow_up,11008,,1.8741520833333332,bfi2s_avatar,avatar,bfi
783,1424,123,follow_up,11011,,2.6731470666666666,bfi2s_avatar,avatar,bfi
784,1425,123,follow_up,11014,,5.333853983333333,bfi2s_avatar,avatar,bfi
785,1426,123,follow_up,11017,,1.9510919,bfi2s_avatar,avatar,bfi
786,1427,123,follow_up,11018,,1.8284013833333332,bfi2s_avatar,avatar,bfi
787,1428,123,follow_up,11022,,1.7414255666666667,bfi2s_avatar,avatar,bfi
788,1429,123,follow_up,11030,,1.93223945,bfi2s_avatar,avatar,bfi
789,1430,123,pre_survey_discussion,0,,2.43353435,bfi2s_avatar,avatar,bfi
790,1422,123,follow_up,11007,,2.4419620666666666,bfi2s_avatar,avatar,bfi
791,1431,123,post_survey_discussion,0,,,bfi2s_avatar,avatar,bfi
792,1471,127,follow_up,10011,,1.7370281,bfi2s_classic,classic,bfi
793,1474,127,follow_up,10018,,1.2402703333333334,bfi2s_classic,classic,bfi
794,1477,127,pre_survey_discussion,0,,1.1341522,bfi2s_classic,classic,bfi
795,1467,127,follow_up,10000,,0.7328608,bfi2s_classic,classic,bfi
796,1468,127,follow_up,10004,,0.9311467833333332,bfi2s_classic,classic,bfi
797,1469,127,follow_up,10007,,0.7997603166666667,bfi2s_classic,classic,bfi
798,1472,127,follow_up,10014,,0.8585495166666667,bfi2s_classic,classic,bfi
799,1470,127,follow_up,10008,,1.0142777666666667,bfi2s_classic,classic,bfi
800,1473,127,follow_up,10017,,2.006882033333333,bfi2s_classic,classic,bfi
801,1475,127,follow_up,10022,,1.5892261666666667,bfi2s_classic,classic,bfi
802,1476,127,follow_up,10030,,1.14954625,bfi2s_classic,classic,bfi
803,1478,127,post_survey_discussion,0,,3.455963383333333,bfi2s_classic,classic,bfi
804,1602,138,follow_up,21023,,1.2894969333333333,cfq_avatar,avatar,cfq
805,1604,138,pre_survey_discussion,0,,3.4661681,cfq_avatar,avatar,cfq
806,1595,138,follow_up,21001,,1.1853682833333332,cfq_avatar,avatar,cfq
807,1596,138,follow_up,21005,,1.4727364166666668,cfq_avatar,avatar,cfq
808,1597,138,follow_up,21006,,1.3880818166666666,cfq_avatar,avatar,cfq
809,1603,138,follow_up,21025,,2.074978766666667,cfq_avatar,avatar,cfq
810,1598,138,follow_up,21008,,1.3136198333333333,cfq_avatar,avatar,cfq
811,1599,138,follow_up,21017,,1.22259545,cfq_avatar,avatar,cfq
812,1605,138,post_survey_discussion,0,,0.04709535,cfq_avatar,avatar,cfq
813,1600,138,follow_up,21019,,1.0959876666666666,cfq_avatar,avatar,cfq
814,1601,138,follow_up,21022,,1.2599695,cfq_avatar,avatar,cfq
815,1674,145,follow_up,21001,,1.6033833333333334,cfq_avatar,avatar,cfq
816,1675,145,follow_up,21005,,1.52577845,cfq_avatar,avatar,cfq
817,1678,145,follow_up,21017,,2.9464537333333336,cfq_avatar,avatar,cfq
818,1676,145,follow_up,21006,,3.020547716666667,cfq_avatar,avatar,cfq
819,1677,145,follow_up,21008,,2.926765516666667,cfq_avatar,avatar,cfq
820,1683,145,pre_survey_discussion,0,,0.7686209333333333,cfq_avatar,avatar,cfq
821,1679,145,follow_up,21019,,2.706744366666667,cfq_avatar,avatar,cfq
822,1681,145,follow_up,21023,,1.5548150833333334,cfq_avatar,avatar,cfq
823,1682,145,follow_up,21025,,2.4415963,cfq_avatar,avatar,cfq
824,1684,145,post_survey_discussion,0,,0.44978095,cfq_avatar,avatar,cfq
825,1680,145,follow_up,21022,,2.316814866666667,cfq_avatar,avatar,cfq
826,1489,128,pre_survey_discussion,0,,6.74716835,bfi2s_classic,classic,bfi
827,1479,128,follow_up,10000,,3.3634532333333333,bfi2s_classic,classic,bfi
828,1481,128,follow_up,10007,,3.1148979666666667,bfi2s_classic,classic,bfi
829,1482,128,follow_up,10008,,3.6093602166666665,bfi2s_classic,classic,bfi
830,1483,128,follow_up,10011,,2.386606383333333,bfi2s_classic,classic,bfi
831,1484,128,follow_up,10014,,2.369553783333333,bfi2s_classic,classic,bfi
832,1485,128,follow_up,10017,,2.711573,bfi2s_classic,classic,bfi
833,1486,128,follow_up,10018,,1.5438025000000002,bfi2s_classic,classic,bfi
834,1487,128,follow_up,10022,,2.7376066833333335,bfi2s_classic,classic,bfi
835,1488,128,follow_up,10030,,2.76885265,bfi2s_classic,classic,bfi
836,1480,128,follow_up,10004,,1.93397115,bfi2s_classic,classic,bfi
837,1490,128,post_survey_discussion,0,,0.7627894833333334,bfi2s_classic,classic,bfi
838,1459,126,follow_up,20008,,1.6444565,cfq_classic,classic,cfq
839,1456,126,follow_up,20001,,1.47758835,cfq_classic,classic,cfq
840,1457,126,follow_up,20005,,2.6110106666666666,cfq_classic,classic,cfq
841,1458,126,follow_up,20006,,1.39634955,cfq_classic,classic,cfq
842,1461,126,follow_up,20019,,1.1510368833333333,cfq_classic,classic,cfq
843,1460,126,follow_up,20017,,1.9511563,cfq_classic,classic,cfq
844,1462,126,follow_up,20022,,1.3966319333333332,cfq_classic,classic,cfq
845,1463,126,follow_up,20023,,1.0183698833333332,cfq_classic,classic,cfq
846,1464,126,follow_up,20025,,1.3962813166666665,cfq_classic,classic,cfq
847,1465,126,pre_survey_discussion,0,,1.5265085333333335,cfq_classic,classic,cfq
848,1466,126,post_survey_discussion,0,,0.69825295,cfq_classic,classic,cfq
849,1584,137,follow_up,20001,,3.1439057333333333,cfq_classic,classic,cfq
850,1585,137,follow_up,20005,,1.8404003166666667,cfq_classic,classic,cfq
851,1586,137,follow_up,20006,,1.7946757333333332,cfq_classic,classic,cfq
852,1587,137,follow_up,20008,,1.0952914500000002,cfq_classic,classic,cfq
853,1592,137,follow_up,20025,,1.0351942333333333,cfq_classic,classic,cfq
854,1588,137,follow_up,20017,,4.008034266666667,cfq_classic,classic,cfq
855,1589,137,follow_up,20019,,6.231699133333334,cfq_classic,classic,cfq
856,1590,137,follow_up,20022,,1.27759655,cfq_classic,classic,cfq
857,1591,137,follow_up,20023,,0.7854358666666666,cfq_classic,classic,cfq
858,1593,137,pre_survey_discussion,0,,2.6519724166666667,cfq_classic,classic,cfq
859,1594,137,post_survey_discussion,0,,0.78588365,cfq_classic,classic,cfq
860,1560,135,follow_up,10000,,5.012133516666666,bfi2s_classic,classic,bfi
861,1561,135,follow_up,10004,,8.948611283333333,bfi2s_classic,classic,bfi
862,1562,135,follow_up,10007,,3.1543988,bfi2s_classic,classic,bfi
863,1563,135,follow_up,10008,,5.009145483333333,bfi2s_classic,classic,bfi
864,1564,135,follow_up,10011,,4.319550766666667,bfi2s_classic,classic,bfi
865,1565,135,follow_up,10014,,3.3164135166666666,bfi2s_classic,classic,bfi
866,1566,135,follow_up,10017,,3.9693511666666668,bfi2s_classic,classic,bfi
867,1567,135,follow_up,10018,,3.22304575,bfi2s_classic,classic,bfi
868,1568,135,follow_up,10022,,1.7399842166666666,bfi2s_classic,classic,bfi
869,1569,135,follow_up,10030,,3.8539224,bfi2s_classic,classic,bfi
870,1570,135,pre_survey_discussion,0,,2.87717765,bfi2s_classic,classic,bfi
871,1571,135,post_survey_discussion,0,,1.96211845,bfi2s_classic,classic,bfi
872,1454,125,pre_survey_discussion,0,"I can be shy at times but once I warm up, I can chat away. I am still quite reserved at times and tend to keep to myself.",2.2803017000000003,bfi2s_avatar,avatar,bfi
873,1450,125,follow_up,11017,,1.4942870666666666,bfi2s_avatar,avatar,bfi
874,1444,125,follow_up,11000,,1.50522995,bfi2s_avatar,avatar,bfi
875,1445,125,follow_up,11004,,1.6749551833333334,bfi2s_avatar,avatar,bfi
876,1446,125,follow_up,11007,,1.8290558666666668,bfi2s_avatar,avatar,bfi
877,1451,125,follow_up,11018,Yes writing things down really helps and reminds me what still needs to be done,1.7065291500000002,bfi2s_avatar,avatar,bfi
878,1447,125,follow_up,11008,,2.26242555,bfi2s_avatar,avatar,bfi
879,1448,125,follow_up,11011,,1.7617486833333333,bfi2s_avatar,avatar,bfi
880,1449,125,follow_up,11014,,1.3915275833333332,bfi2s_avatar,avatar,bfi
881,1453,125,follow_up,11030,Yes as there was a journey. It wasn't easy reaching the top so had more depth to it.,1.7726558666666667,bfi2s_avatar,avatar,bfi
882,1452,125,follow_up,11022,,1.6282990166666667,bfi2s_avatar,avatar,bfi
883,1455,125,post_survey_discussion,0,,1.7241577833333332,bfi2s_avatar,avatar,bfi
884,1573,136,follow_up,11004,,3.7467924999999997,bfi2s_avatar,avatar,bfi
885,1574,136,follow_up,11007,,1.5456266333333335,bfi2s_avatar,avatar,bfi
886,1575,136,follow_up,11008,,2.1504931333333333,bfi2s_avatar,avatar,bfi
887,1576,136,follow_up,11011,,1.9763924333333334,bfi2s_avatar,avatar,bfi
888,1577,136,follow_up,11014,,2.1520266,bfi2s_avatar,avatar,bfi
889,1578,136,follow_up,11017,,1.7073526166666668,bfi2s_avatar,avatar,bfi
890,1579,136,follow_up,11018,,1.97570705,bfi2s_avatar,avatar,bfi
891,1580,136,follow_up,11022,,2.40834445,bfi2s_avatar,avatar,bfi
892,1583,136,post_survey_discussion,0,,1.63640265,bfi2s_avatar,avatar,bfi
893,1582,136,pre_survey_discussion,0,,2.5783664,bfi2s_avatar,avatar,bfi
894,1572,136,follow_up,11000,"I tend to be rather guarded with my thoughts and opinions, and am a private person - not great if I am with a similar type of person!",2.754415483333333,bfi2s_avatar,avatar,bfi
895,1581,136,follow_up,11030,the database is not for members' use,2.8706913166666665,bfi2s_avatar,avatar,bfi
896,1854,160,pre_survey_discussion,0,,1.89943825,bfi2s_avatar,avatar,bfi
897,1844,160,follow_up,11000,,1.3709742833333334,bfi2s_avatar,avatar,bfi
898,1845,160,follow_up,11004,,1.3480176499999998,bfi2s_avatar,avatar,bfi
899,1846,160,follow_up,11007,,1.6931748333333334,bfi2s_avatar,avatar,bfi
900,1847,160,follow_up,11008,,1.5481064833333333,bfi2s_avatar,avatar,bfi
901,1848,160,follow_up,11011,,1.7372280666666666,bfi2s_avatar,avatar,bfi
902,1851,160,follow_up,11018,,1.9887256166666667,bfi2s_avatar,avatar,bfi
903,1852,160,follow_up,11022,,2.0398361333333335,bfi2s_avatar,avatar,bfi
904,1853,160,follow_up,11030,,2.08865595,bfi2s_avatar,avatar,bfi
905,1855,160,post_survey_discussion,0,,,bfi2s_avatar,avatar,bfi
906,1849,160,follow_up,11014,,1.5824746333333333,bfi2s_avatar,avatar,bfi
907,1850,160,follow_up,11017,,1.2843064166666667,bfi2s_avatar,avatar,bfi
908,1636,141,follow_up,20025,,3.9524568833333333,cfq_classic,classic,cfq
909,1628,141,follow_up,20001,,3.1509531833333333,cfq_classic,classic,cfq
910,1629,141,follow_up,20005,,3.8805791333333333,cfq_classic,classic,cfq
911,1630,141,follow_up,20006,,2.2345948833333336,cfq_classic,classic,cfq
912,1631,141,follow_up,20008,,3.3196871999999997,cfq_classic,classic,cfq
913,1632,141,follow_up,20017,,2.201425716666667,cfq_classic,classic,cfq
914,1633,141,follow_up,20019,,4.5177915833333335,cfq_classic,classic,cfq
915,1634,141,follow_up,20022,,4.094702333333333,cfq_classic,classic,cfq
916,1635,141,follow_up,20023,,3.8902198166666664,cfq_classic,classic,cfq
917,1637,141,pre_survey_discussion,0,,1.7864031,cfq_classic,classic,cfq
918,1638,141,post_survey_discussion,0,,5.6319123499999995,cfq_classic,classic,cfq
